sample_status,assessment_id,entity_file,entity_id,factor,input_value,basis_type,claim_ids,evidence_ids,assumption_ids,rationale,reviewed_by,review_date
FICTIONAL SAMPLE,FCT-001,05_opportunities/opportunity_database.csv,OPP-001,market_demand,4,ASSUMPTION,CLM-001|CLM-002,EV-001|EV-002,ASM-SYN-001,Synthetic ordinal rating invented for the demonstration; no observed real-market factor value.,Synthetic analyst role,2026-10-06
FICTIONAL SAMPLE,FCT-002,05_opportunities/opportunity_database.csv,OPP-001,growth_potential,3,ASSUMPTION,CLM-001|CLM-002,EV-001|EV-002,ASM-SYN-001,Synthetic ordinal rating invented for the demonstration; no observed real-market factor value.,Synthetic analyst role,2026-10-06
FICTIONAL SAMPLE,FCT-003,05_opportunities/opportunity_database.csv,OPP-001,pain_intensity,5,ASSUMPTION,CLM-001|CLM-002,EV-001|EV-002,ASM-SYN-001,Synthetic ordinal rating invented for the demonstration; no observed real-market factor value.,Synthetic analyst role,2026-10-06
FICTIONAL SAMPLE,FCT-004,05_opportunities/opportunity_database.csv,OPP-001,competitive_saturation,2,ASSUMPTION,CLM-001|CLM-002,EV-001|EV-002,ASM-SYN-001,Synthetic ordinal rating invented for the demonstration; no observed real-market factor value.,Synthetic analyst role,2026-10-06
FICTIONAL SAMPLE,FCT-005,05_opportunities/opportunity_database.csv,OPP-001,differentiation_potential,4,ASSUMPTION,CLM-001|CLM-002,EV-001|EV-002,ASM-SYN-001,Synthetic ordinal rating invented for the demonstration; no observed real-market factor value.,Synthetic analyst role,2026-10-06
FICTIONAL SAMPLE,FCT-006,05_opportunities/opportunity_database.csv,OPP-001,monetization_potential,3,ASSUMPTION,CLM-001|CLM-002,EV-001|EV-002,ASM-SYN-001,Synthetic ordinal rating invented for the demonstration; no observed real-market factor value.,Synthetic analyst role,2026-10-06
FICTIONAL SAMPLE,FCT-007,05_opportunities/opportunity_database.csv,OPP-001,implementation_difficulty,2,ASSUMPTION,CLM-001|CLM-002,EV-001|EV-002,ASM-SYN-001,Synthetic ordinal rating invented for the demonstration; no observed real-market factor value.,Synthetic analyst role,2026-10-06
FICTIONAL SAMPLE,FCT-008,05_opportunities/opportunity_database.csv,OPP-001,time_to_market,2,ASSUMPTION,CLM-001|CLM-002,EV-001|EV-002,ASM-SYN-001,Synthetic ordinal rating invented for the demonstration; no observed real-market factor value.,Synthetic analyst role,2026-10-06
FICTIONAL SAMPLE,FCT-009,05_opportunities/opportunity_database.csv,OPP-001,strategic_fit,5,ASSUMPTION,CLM-001|CLM-002,EV-001|EV-002,ASM-SYN-001,Synthetic ordinal rating invented for the demonstration; no observed real-market factor value.,Synthetic analyst role,2026-10-06
FICTIONAL SAMPLE,FCT-010,05_opportunities/opportunity_database.csv,OPP-002,market_demand,3,ASSUMPTION,CLM-002|CLM-005,EV-002|EV-005,ASM-SYN-001,Synthetic ordinal rating invented for the demonstration; no observed real-market factor value.,Synthetic analyst role,2026-10-06
FICTIONAL SAMPLE,FCT-011,05_opportunities/opportunity_database.csv,OPP-002,growth_potential,3,ASSUMPTION,CLM-002|CLM-005,EV-002|EV-005,ASM-SYN-001,Synthetic ordinal rating invented for the demonstration; no observed real-market factor value.,Synthetic analyst role,2026-10-06
FICTIONAL SAMPLE,FCT-012,05_opportunities/opportunity_database.csv,OPP-002,pain_intensity,4,ASSUMPTION,CLM-002|CLM-005,EV-002|EV-005,ASM-SYN-001,Synthetic ordinal rating invented for the demonstration; no observed real-market factor value.,Synthetic analyst role,2026-10-06
FICTIONAL SAMPLE,FCT-013,05_opportunities/opportunity_database.csv,OPP-002,competitive_saturation,3,ASSUMPTION,CLM-002|CLM-005,EV-002|EV-005,ASM-SYN-001,Synthetic ordinal rating invented for the demonstration; no observed real-market factor value.,Synthetic analyst role,2026-10-06
FICTIONAL SAMPLE,FCT-014,05_opportunities/opportunity_database.csv,OPP-002,differentiation_potential,3,ASSUMPTION,CLM-002|CLM-005,EV-002|EV-005,ASM-SYN-001,Synthetic ordinal rating invented for the demonstration; no observed real-market factor value.,Synthetic analyst role,2026-10-06
FICTIONAL SAMPLE,FCT-015,05_opportunities/opportunity_database.csv,OPP-002,monetization_potential,3,ASSUMPTION,CLM-002|CLM-005,EV-002|EV-005,ASM-SYN-001,Synthetic ordinal rating invented for the demonstration; no observed real-market factor value.,Synthetic analyst role,2026-10-06
FICTIONAL SAMPLE,FCT-016,05_opportunities/opportunity_database.csv,OPP-002,implementation_difficulty,3,ASSUMPTION,CLM-002|CLM-005,EV-002|EV-005,ASM-SYN-001,Synthetic ordinal rating invented for the demonstration; no observed real-market factor value.,Synthetic analyst role,2026-10-06
FICTIONAL SAMPLE,FCT-017,05_opportunities/opportunity_database.csv,OPP-002,time_to_market,3,ASSUMPTION,CLM-002|CLM-005,EV-002|EV-005,ASM-SYN-001,Synthetic ordinal rating invented for the demonstration; no observed real-market factor value.,Synthetic analyst role,2026-10-06
FICTIONAL SAMPLE,FCT-018,05_opportunities/opportunity_database.csv,OPP-002,strategic_fit,4,ASSUMPTION,CLM-002|CLM-005,EV-002|EV-005,ASM-SYN-001,Synthetic ordinal rating invented for the demonstration; no observed real-market factor value.,Synthetic analyst role,2026-10-06
FICTIONAL SAMPLE,FCT-019,05_opportunities/opportunity_database.csv,OPP-003,market_demand,2,ASSUMPTION,CLM-002|CLM-004,EV-002|EV-004,ASM-SYN-001,Synthetic ordinal rating invented for the demonstration; no observed real-market factor value.,Synthetic analyst role,2026-10-06
FICTIONAL SAMPLE,FCT-020,05_opportunities/opportunity_database.csv,OPP-003,growth_potential,3,ASSUMPTION,CLM-002|CLM-004,EV-002|EV-004,ASM-SYN-001,Synthetic ordinal rating invented for the demonstration; no observed real-market factor value.,Synthetic analyst role,2026-10-06
FICTIONAL SAMPLE,FCT-021,05_opportunities/opportunity_database.csv,OPP-003,pain_intensity,2,ASSUMPTION,CLM-002|CLM-004,EV-002|EV-004,ASM-SYN-001,Synthetic ordinal rating invented for the demonstration; no observed real-market factor value.,Synthetic analyst role,2026-10-06
FICTIONAL SAMPLE,FCT-022,05_opportunities/opportunity_database.csv,OPP-003,competitive_saturation,4,ASSUMPTION,CLM-002|CLM-004,EV-002|EV-004,ASM-SYN-001,Synthetic ordinal rating invented for the demonstration; no observed real-market factor value.,Synthetic analyst role,2026-10-06
FICTIONAL SAMPLE,FCT-023,05_opportunities/opportunity_database.csv,OPP-003,differentiation_potential,2,ASSUMPTION,CLM-002|CLM-004,EV-002|EV-004,ASM-SYN-001,Synthetic ordinal rating invented for the demonstration; no observed real-market factor value.,Synthetic analyst role,2026-10-06
FICTIONAL SAMPLE,FCT-024,05_opportunities/opportunity_database.csv,OPP-003,monetization_potential,2,ASSUMPTION,CLM-002|CLM-004,EV-002|EV-004,ASM-SYN-001,Synthetic ordinal rating invented for the demonstration; no observed real-market factor value.,Synthetic analyst role,2026-10-06
FICTIONAL SAMPLE,FCT-025,05_opportunities/opportunity_database.csv,OPP-003,implementation_difficulty,1,ASSUMPTION,CLM-002|CLM-004,EV-002|EV-004,ASM-SYN-001,Synthetic ordinal rating invented for the demonstration; no observed real-market factor value.,Synthetic analyst role,2026-10-06
FICTIONAL SAMPLE,FCT-026,05_opportunities/opportunity_database.csv,OPP-003,time_to_market,1,ASSUMPTION,CLM-002|CLM-004,EV-002|EV-004,ASM-SYN-001,Synthetic ordinal rating invented for the demonstration; no observed real-market factor value.,Synthetic analyst role,2026-10-06
FICTIONAL SAMPLE,FCT-027,05_opportunities/opportunity_database.csv,OPP-003,strategic_fit,3,ASSUMPTION,CLM-002|CLM-004,EV-002|EV-004,ASM-SYN-001,Synthetic ordinal rating invented for the demonstration; no observed real-market factor value.,Synthetic analyst role,2026-10-06
FICTIONAL SAMPLE,FCT-028,02_market/market_assessment.csv,MKT-001,market_size,3,ASSUMPTION,CLM-003,EV-003,ASM-SYN-001,Synthetic ordinal rating invented for the demonstration; no observed real-market factor value.,Synthetic analyst role,2026-10-06
FICTIONAL SAMPLE,FCT-029,02_market/market_assessment.csv,MKT-001,growth_rate,3,ASSUMPTION,CLM-003,EV-003,ASM-SYN-001,Synthetic ordinal rating invented for the demonstration; no observed real-market factor value.,Synthetic analyst role,2026-10-06
FICTIONAL SAMPLE,FCT-030,02_market/market_assessment.csv,MKT-001,profitability,3,ASSUMPTION,CLM-003,EV-003,ASM-SYN-001,Synthetic ordinal rating invented for the demonstration; no observed real-market factor value.,Synthetic analyst role,2026-10-06
FICTIONAL SAMPLE,FCT-031,02_market/market_assessment.csv,MKT-001,customer_concentration,2,ASSUMPTION,CLM-003,EV-003,ASM-SYN-001,Synthetic ordinal rating invented for the demonstration; no observed real-market factor value.,Synthetic analyst role,2026-10-06
FICTIONAL SAMPLE,FCT-032,02_market/market_assessment.csv,MKT-001,switching_friction,3,ASSUMPTION,CLM-003,EV-003,ASM-SYN-001,Synthetic ordinal rating invented for the demonstration; no observed real-market factor value.,Synthetic analyst role,2026-10-06
FICTIONAL SAMPLE,FCT-033,02_market/market_assessment.csv,MKT-001,regulation,2,ASSUMPTION,CLM-003,EV-003,ASM-SYN-001,Synthetic ordinal rating invented for the demonstration; no observed real-market factor value.,Synthetic analyst role,2026-10-06
FICTIONAL SAMPLE,FCT-034,02_market/market_assessment.csv,MKT-001,competitive_intensity,3,ASSUMPTION,CLM-003,EV-003,ASM-SYN-001,Synthetic ordinal rating invented for the demonstration; no observed real-market factor value.,Synthetic analyst role,2026-10-06
FICTIONAL SAMPLE,FCT-035,02_market/market_assessment.csv,MKT-001,barriers_to_entry,3,ASSUMPTION,CLM-003,EV-003,ASM-SYN-001,Synthetic ordinal rating invented for the demonstration; no observed real-market factor value.,Synthetic analyst role,2026-10-06
FICTIONAL SAMPLE,FCT-036,02_market/market_assessment.csv,MKT-001,technology_disruption,3,ASSUMPTION,CLM-003,EV-003,ASM-SYN-001,Synthetic ordinal rating invented for the demonstration; no observed real-market factor value.,Synthetic analyst role,2026-10-06
FICTIONAL SAMPLE,FCT-037,02_market/market_assessment.csv,MKT-001,macro_sensitivity,2,ASSUMPTION,CLM-003,EV-003,ASM-SYN-001,Synthetic ordinal rating invented for the demonstration; no observed real-market factor value.,Synthetic analyst role,2026-10-06
FICTIONAL SAMPLE,FCT-038,03_competitors/competitor_database.csv,CMP-001,brand_strength,3,ASSUMPTION,CLM-002,EV-002,ASM-SYN-001,Synthetic ordinal rating invented for the demonstration; no observed real-market factor value.,Synthetic analyst role,2026-10-06
FICTIONAL SAMPLE,FCT-039,03_competitors/competitor_database.csv,CMP-001,pricing_pressure,3,ASSUMPTION,CLM-002,EV-002,ASM-SYN-001,Synthetic ordinal rating invented for the demonstration; no observed real-market factor value.,Synthetic analyst role,2026-10-06
FICTIONAL SAMPLE,FCT-040,03_competitors/competitor_database.csv,CMP-001,product_maturity,4,ASSUMPTION,CLM-002,EV-002,ASM-SYN-001,Synthetic ordinal rating invented for the demonstration; no observed real-market factor value.,Synthetic analyst role,2026-10-06
FICTIONAL SAMPLE,FCT-041,03_competitors/competitor_database.csv,CMP-001,distribution,4,ASSUMPTION,CLM-002,EV-002,ASM-SYN-001,Synthetic ordinal rating invented for the demonstration; no observed real-market factor value.,Synthetic analyst role,2026-10-06
FICTIONAL SAMPLE,FCT-042,03_competitors/competitor_database.csv,CMP-001,switching_costs,3,ASSUMPTION,CLM-002,EV-002,ASM-SYN-001,Synthetic ordinal rating invented for the demonstration; no observed real-market factor value.,Synthetic analyst role,2026-10-06
FICTIONAL SAMPLE,FCT-043,03_competitors/competitor_database.csv,CMP-001,capital_strength,3,ASSUMPTION,CLM-002,EV-002,ASM-SYN-001,Synthetic ordinal rating invented for the demonstration; no observed real-market factor value.,Synthetic analyst role,2026-10-06
FICTIONAL SAMPLE,FCT-044,03_competitors/competitor_database.csv,CMP-001,innovation_velocity,3,ASSUMPTION,CLM-002,EV-002,ASM-SYN-001,Synthetic ordinal rating invented for the demonstration; no observed real-market factor value.,Synthetic analyst role,2026-10-06
FICTIONAL SAMPLE,FCT-045,03_competitors/competitor_database.csv,CMP-001,customer_loyalty,3,ASSUMPTION,CLM-002,EV-002,ASM-SYN-001,Synthetic ordinal rating invented for the demonstration; no observed real-market factor value.,Synthetic analyst role,2026-10-06
FICTIONAL SAMPLE,FCT-046,03_competitors/competitor_database.csv,CMP-002,brand_strength,3,ASSUMPTION,CLM-002,EV-002,ASM-SYN-001,Synthetic ordinal rating invented for the demonstration; no observed real-market factor value.,Synthetic analyst role,2026-10-06
FICTIONAL SAMPLE,FCT-047,03_competitors/competitor_database.csv,CMP-002,pricing_pressure,2,ASSUMPTION,CLM-002,EV-002,ASM-SYN-001,Synthetic ordinal rating invented for the demonstration; no observed real-market factor value.,Synthetic analyst role,2026-10-06
FICTIONAL SAMPLE,FCT-048,03_competitors/competitor_database.csv,CMP-002,product_maturity,4,ASSUMPTION,CLM-002,EV-002,ASM-SYN-001,Synthetic ordinal rating invented for the demonstration; no observed real-market factor value.,Synthetic analyst role,2026-10-06
FICTIONAL SAMPLE,FCT-049,03_competitors/competitor_database.csv,CMP-002,distribution,3,ASSUMPTION,CLM-002,EV-002,ASM-SYN-001,Synthetic ordinal rating invented for the demonstration; no observed real-market factor value.,Synthetic analyst role,2026-10-06
FICTIONAL SAMPLE,FCT-050,03_competitors/competitor_database.csv,CMP-002,switching_costs,4,ASSUMPTION,CLM-002,EV-002,ASM-SYN-001,Synthetic ordinal rating invented for the demonstration; no observed real-market factor value.,Synthetic analyst role,2026-10-06
FICTIONAL SAMPLE,FCT-051,03_competitors/competitor_database.csv,CMP-002,capital_strength,2,ASSUMPTION,CLM-002,EV-002,ASM-SYN-001,Synthetic ordinal rating invented for the demonstration; no observed real-market factor value.,Synthetic analyst role,2026-10-06
FICTIONAL SAMPLE,FCT-052,03_competitors/competitor_database.csv,CMP-002,innovation_velocity,2,ASSUMPTION,CLM-002,EV-002,ASM-SYN-001,Synthetic ordinal rating invented for the demonstration; no observed real-market factor value.,Synthetic analyst role,2026-10-06
FICTIONAL SAMPLE,FCT-053,03_competitors/competitor_database.csv,CMP-002,customer_loyalty,4,ASSUMPTION,CLM-002,EV-002,ASM-SYN-001,Synthetic ordinal rating invented for the demonstration; no observed real-market factor value.,Synthetic analyst role,2026-10-06
FICTIONAL SAMPLE,FCT-054,03_competitors/competitor_database.csv,CMP-003,brand_strength,2,ASSUMPTION,CLM-002,EV-002,ASM-SYN-001,Synthetic ordinal rating invented for the demonstration; no observed real-market factor value.,Synthetic analyst role,2026-10-06
FICTIONAL SAMPLE,FCT-055,03_competitors/competitor_database.csv,CMP-003,pricing_pressure,4,ASSUMPTION,CLM-002,EV-002,ASM-SYN-001,Synthetic ordinal rating invented for the demonstration; no observed real-market factor value.,Synthetic analyst role,2026-10-06
FICTIONAL SAMPLE,FCT-056,03_competitors/competitor_database.csv,CMP-003,product_maturity,3,ASSUMPTION,CLM-002,EV-002,ASM-SYN-001,Synthetic ordinal rating invented for the demonstration; no observed real-market factor value.,Synthetic analyst role,2026-10-06
FICTIONAL SAMPLE,FCT-057,03_competitors/competitor_database.csv,CMP-003,distribution,3,ASSUMPTION,CLM-002,EV-002,ASM-SYN-001,Synthetic ordinal rating invented for the demonstration; no observed real-market factor value.,Synthetic analyst role,2026-10-06
FICTIONAL SAMPLE,FCT-058,03_competitors/competitor_database.csv,CMP-003,switching_costs,2,ASSUMPTION,CLM-002,EV-002,ASM-SYN-001,Synthetic ordinal rating invented for the demonstration; no observed real-market factor value.,Synthetic analyst role,2026-10-06
FICTIONAL SAMPLE,FCT-059,03_competitors/competitor_database.csv,CMP-003,capital_strength,2,ASSUMPTION,CLM-002,EV-002,ASM-SYN-001,Synthetic ordinal rating invented for the demonstration; no observed real-market factor value.,Synthetic analyst role,2026-10-06
FICTIONAL SAMPLE,FCT-060,03_competitors/competitor_database.csv,CMP-003,innovation_velocity,4,ASSUMPTION,CLM-002,EV-002,ASM-SYN-001,Synthetic ordinal rating invented for the demonstration; no observed real-market factor value.,Synthetic analyst role,2026-10-06
FICTIONAL SAMPLE,FCT-061,03_competitors/competitor_database.csv,CMP-003,customer_loyalty,2,ASSUMPTION,CLM-002,EV-002,ASM-SYN-001,Synthetic ordinal rating invented for the demonstration; no observed real-market factor value.,Synthetic analyst role,2026-10-06
FICTIONAL SAMPLE,FCT-062,06_risks/risk_register.csv,RSK-001,likelihood,4,ASSUMPTION,CLM-005,EV-005,ASM-SYN-001,Synthetic ordinal rating invented for the demonstration; no observed real-market factor value.,Synthetic analyst role,2026-10-06
FICTIONAL SAMPLE,FCT-063,06_risks/risk_register.csv,RSK-001,impact,4,ASSUMPTION,CLM-005,EV-005,ASM-SYN-001,Synthetic ordinal rating invented for the demonstration; no observed real-market factor value.,Synthetic analyst role,2026-10-06
FICTIONAL SAMPLE,FCT-064,06_risks/risk_register.csv,RSK-001,detectability,3,ASSUMPTION,CLM-005,EV-005,ASM-SYN-001,Synthetic ordinal rating invented for the demonstration; no observed real-market factor value.,Synthetic analyst role,2026-10-06
FICTIONAL SAMPLE,FCT-065,06_risks/risk_register.csv,RSK-001,velocity,4,ASSUMPTION,CLM-005,EV-005,ASM-SYN-001,Synthetic ordinal rating invented for the demonstration; no observed real-market factor value.,Synthetic analyst role,2026-10-06
FICTIONAL SAMPLE,FCT-066,06_risks/risk_register.csv,RSK-001,mitigation_readiness,2,ASSUMPTION,CLM-005,EV-005,ASM-SYN-001,Synthetic ordinal rating invented for the demonstration; no observed real-market factor value.,Synthetic analyst role,2026-10-06
FICTIONAL SAMPLE,FCT-067,06_risks/risk_register.csv,RSK-002,likelihood,4,ASSUMPTION,CLM-004,EV-004,ASM-SYN-001,Synthetic ordinal rating invented for the demonstration; no observed real-market factor value.,Synthetic analyst role,2026-10-06
FICTIONAL SAMPLE,FCT-068,06_risks/risk_register.csv,RSK-002,impact,3,ASSUMPTION,CLM-004,EV-004,ASM-SYN-001,Synthetic ordinal rating invented for the demonstration; no observed real-market factor value.,Synthetic analyst role,2026-10-06
FICTIONAL SAMPLE,FCT-069,06_risks/risk_register.csv,RSK-002,detectability,3,ASSUMPTION,CLM-004,EV-004,ASM-SYN-001,Synthetic ordinal rating invented for the demonstration; no observed real-market factor value.,Synthetic analyst role,2026-10-06
FICTIONAL SAMPLE,FCT-070,06_risks/risk_register.csv,RSK-002,velocity,3,ASSUMPTION,CLM-004,EV-004,ASM-SYN-001,Synthetic ordinal rating invented for the demonstration; no observed real-market factor value.,Synthetic analyst role,2026-10-06
FICTIONAL SAMPLE,FCT-071,06_risks/risk_register.csv,RSK-002,mitigation_readiness,2,ASSUMPTION,CLM-004,EV-004,ASM-SYN-001,Synthetic ordinal rating invented for the demonstration; no observed real-market factor value.,Synthetic analyst role,2026-10-06
FICTIONAL SAMPLE,FCT-072,06_risks/risk_register.csv,RSK-003,likelihood,3,ASSUMPTION,CLM-001,EV-001|EV-006,ASM-SYN-001,Synthetic ordinal rating invented for the demonstration; no observed real-market factor value.,Synthetic analyst role,2026-10-06
FICTIONAL SAMPLE,FCT-073,06_risks/risk_register.csv,RSK-003,impact,4,ASSUMPTION,CLM-001,EV-001|EV-006,ASM-SYN-001,Synthetic ordinal rating invented for the demonstration; no observed real-market factor value.,Synthetic analyst role,2026-10-06
FICTIONAL SAMPLE,FCT-074,06_risks/risk_register.csv,RSK-003,detectability,4,ASSUMPTION,CLM-001,EV-001|EV-006,ASM-SYN-001,Synthetic ordinal rating invented for the demonstration; no observed real-market factor value.,Synthetic analyst role,2026-10-06
FICTIONAL SAMPLE,FCT-075,06_risks/risk_register.csv,RSK-003,velocity,3,ASSUMPTION,CLM-001,EV-001|EV-006,ASM-SYN-001,Synthetic ordinal rating invented for the demonstration; no observed real-market factor value.,Synthetic analyst role,2026-10-06
FICTIONAL SAMPLE,FCT-076,06_risks/risk_register.csv,RSK-003,mitigation_readiness,1,ASSUMPTION,CLM-001,EV-001|EV-006,ASM-SYN-001,Synthetic ordinal rating invented for the demonstration; no observed real-market factor value.,Synthetic analyst role,2026-10-06
FICTIONAL SAMPLE,FCT-077,05_opportunities/gap_register.csv,GAP-001,unmet_need,4,ASSUMPTION,CLM-001|CLM-002|CLM-005,EV-001|EV-002|EV-005,ASM-SYN-001,Synthetic ordinal rating invented for the demonstration; no observed real-market factor value.,Synthetic analyst role,2026-10-06
FICTIONAL SAMPLE,FCT-078,05_opportunities/gap_register.csv,GAP-001,underserved_reach,3,ASSUMPTION,CLM-001|CLM-002|CLM-005,EV-001|EV-002|EV-005,ASM-SYN-001,Synthetic ordinal rating invented for the demonstration; no observed real-market factor value.,Synthetic analyst role,2026-10-06
FICTIONAL SAMPLE,FCT-079,05_opportunities/gap_register.csv,GAP-001,alternative_failure,3,ASSUMPTION,CLM-001|CLM-002|CLM-005,EV-001|EV-002|EV-005,ASM-SYN-001,Synthetic ordinal rating invented for the demonstration; no observed real-market factor value.,Synthetic analyst role,2026-10-06
FICTIONAL SAMPLE,FCT-080,05_opportunities/gap_register.csv,GAP-001,solution_feasibility,4,ASSUMPTION,CLM-001|CLM-002|CLM-005,EV-001|EV-002|EV-005,ASM-SYN-001,Synthetic ordinal rating invented for the demonstration; no observed real-market factor value.,Synthetic analyst role,2026-10-06
FICTIONAL SAMPLE,FCT-081,07_strategy/decision_matrix.csv,OPT-TEST,potential_upside,3,ASSUMPTION,CLM-001|CLM-002|CLM-004|CLM-005,EV-001|EV-002|EV-004|EV-005,ASM-SYN-001,Synthetic ordinal rating invented for the demonstration; no observed real-market factor value.,Synthetic analyst role,2026-10-06
FICTIONAL SAMPLE,FCT-082,07_strategy/decision_matrix.csv,OPT-TEST,cost,2,ASSUMPTION,CLM-001|CLM-002|CLM-004|CLM-005,EV-001|EV-002|EV-004|EV-005,ASM-SYN-001,Synthetic ordinal rating invented for the demonstration; no observed real-market factor value.,Synthetic analyst role,2026-10-06
FICTIONAL SAMPLE,FCT-083,07_strategy/decision_matrix.csv,OPT-TEST,time_to_value,2,ASSUMPTION,CLM-001|CLM-002|CLM-004|CLM-005,EV-001|EV-002|EV-004|EV-005,ASM-SYN-001,Synthetic ordinal rating invented for the demonstration; no observed real-market factor value.,Synthetic analyst role,2026-10-06
FICTIONAL SAMPLE,FCT-084,07_strategy/decision_matrix.csv,OPT-TEST,execution_difficulty,2,ASSUMPTION,CLM-001|CLM-002|CLM-004|CLM-005,EV-001|EV-002|EV-004|EV-005,ASM-SYN-001,Synthetic ordinal rating invented for the demonstration; no observed real-market factor value.,Synthetic analyst role,2026-10-06
FICTIONAL SAMPLE,FCT-085,07_strategy/decision_matrix.csv,OPT-TEST,risk,3,ASSUMPTION,CLM-001|CLM-002|CLM-004|CLM-005,EV-001|EV-002|EV-004|EV-005,ASM-SYN-001,Synthetic ordinal rating invented for the demonstration; no observed real-market factor value.,Synthetic analyst role,2026-10-06
FICTIONAL SAMPLE,FCT-086,07_strategy/decision_matrix.csv,OPT-TEST,strategic_fit,5,ASSUMPTION,CLM-001|CLM-002|CLM-004|CLM-005,EV-001|EV-002|EV-004|EV-005,ASM-SYN-001,Synthetic ordinal rating invented for the demonstration; no observed real-market factor value.,Synthetic analyst role,2026-10-06
FICTIONAL SAMPLE,FCT-087,07_strategy/decision_matrix.csv,OPT-WAIT,potential_upside,1,ASSUMPTION,CLM-001|CLM-002|CLM-004|CLM-005,EV-001|EV-002|EV-004|EV-005,ASM-SYN-001,Synthetic ordinal rating invented for the demonstration; no observed real-market factor value.,Synthetic analyst role,2026-10-06
FICTIONAL SAMPLE,FCT-088,07_strategy/decision_matrix.csv,OPT-WAIT,cost,0,ASSUMPTION,CLM-001|CLM-002|CLM-004|CLM-005,EV-001|EV-002|EV-004|EV-005,ASM-SYN-001,Synthetic ordinal rating invented for the demonstration; no observed real-market factor value.,Synthetic analyst role,2026-10-06
FICTIONAL SAMPLE,FCT-089,07_strategy/decision_matrix.csv,OPT-WAIT,time_to_value,4,ASSUMPTION,CLM-001|CLM-002|CLM-004|CLM-005,EV-001|EV-002|EV-004|EV-005,ASM-SYN-001,Synthetic ordinal rating invented for the demonstration; no observed real-market factor value.,Synthetic analyst role,2026-10-06
FICTIONAL SAMPLE,FCT-090,07_strategy/decision_matrix.csv,OPT-WAIT,execution_difficulty,0,ASSUMPTION,CLM-001|CLM-002|CLM-004|CLM-005,EV-001|EV-002|EV-004|EV-005,ASM-SYN-001,Synthetic ordinal rating invented for the demonstration; no observed real-market factor value.,Synthetic analyst role,2026-10-06
FICTIONAL SAMPLE,FCT-091,07_strategy/decision_matrix.csv,OPT-WAIT,risk,2,ASSUMPTION,CLM-001|CLM-002|CLM-004|CLM-005,EV-001|EV-002|EV-004|EV-005,ASM-SYN-001,Synthetic ordinal rating invented for the demonstration; no observed real-market factor value.,Synthetic analyst role,2026-10-06
FICTIONAL SAMPLE,FCT-092,07_strategy/decision_matrix.csv,OPT-WAIT,strategic_fit,3,ASSUMPTION,CLM-001|CLM-002|CLM-004|CLM-005,EV-001|EV-002|EV-004|EV-005,ASM-SYN-001,Synthetic ordinal rating invented for the demonstration; no observed real-market factor value.,Synthetic analyst role,2026-10-06
FICTIONAL SAMPLE,FCT-093,07_strategy/decision_matrix.csv,OPT-ENTER,potential_upside,4,ASSUMPTION,CLM-001|CLM-002|CLM-004|CLM-005,EV-001|EV-002|EV-004|EV-005,ASM-SYN-001,Synthetic ordinal rating invented for the demonstration; no observed real-market factor value.,Synthetic analyst role,2026-10-06
FICTIONAL SAMPLE,FCT-094,07_strategy/decision_matrix.csv,OPT-ENTER,cost,5,ASSUMPTION,CLM-001|CLM-002|CLM-004|CLM-005,EV-001|EV-002|EV-004|EV-005,ASM-SYN-001,Synthetic ordinal rating invented for the demonstration; no observed real-market factor value.,Synthetic analyst role,2026-10-06
FICTIONAL SAMPLE,FCT-095,07_strategy/decision_matrix.csv,OPT-ENTER,time_to_value,4,ASSUMPTION,CLM-001|CLM-002|CLM-004|CLM-005,EV-001|EV-002|EV-004|EV-005,ASM-SYN-001,Synthetic ordinal rating invented for the demonstration; no observed real-market factor value.,Synthetic analyst role,2026-10-06
FICTIONAL SAMPLE,FCT-096,07_strategy/decision_matrix.csv,OPT-ENTER,execution_difficulty,5,ASSUMPTION,CLM-001|CLM-002|CLM-004|CLM-005,EV-001|EV-002|EV-004|EV-005,ASM-SYN-001,Synthetic ordinal rating invented for the demonstration; no observed real-market factor value.,Synthetic analyst role,2026-10-06
FICTIONAL SAMPLE,FCT-097,07_strategy/decision_matrix.csv,OPT-ENTER,risk,5,ASSUMPTION,CLM-001|CLM-002|CLM-004|CLM-005,EV-001|EV-002|EV-004|EV-005,ASM-SYN-001,Synthetic ordinal rating invented for the demonstration; no observed real-market factor value.,Synthetic analyst role,2026-10-06
FICTIONAL SAMPLE,FCT-098,07_strategy/decision_matrix.csv,OPT-ENTER,strategic_fit,3,ASSUMPTION,CLM-001|CLM-002|CLM-004|CLM-005,EV-001|EV-002|EV-004|EV-005,ASM-SYN-001,Synthetic ordinal rating invented for the demonstration; no observed real-market factor value.,Synthetic analyst role,2026-10-06
